{"cameraMode":{"drawMode":0,"name":"Shaded","section":"Shading Mode"},"sceneLighting":true,"audioPlay":false,"sceneViewState":{"m_AlwaysRefresh":false,"showFog":true,"showSkybox":true,"showFlares":true,"showImageEffects":true,"showParticleSystems":true,"showVisualEffectGraphs":true,"m_FxEnabled":true},"in2DMode":false,"pivot":{"x":1.7354633808135987,"y":9.825287818908692,"z":-3.246854782104492},"rotation":{"x":0.4816097021102905,"y":-0.005257721990346909,"z":0.0028902350459247829,"w":0.8763675093650818},"size":13.787192344665528,"orthographic":false}