{"cameraMode":{"drawMode":0,"name":"Shaded","section":"Shading Mode"},"sceneLighting":false,"audioPlay":false,"sceneViewState":{"m_AlwaysRefresh":false,"showFog":true,"showSkybox":false,"showFlares":true,"showImageEffects":true,"showParticleSystems":true,"showVisualEffectGraphs":true,"m_FxEnabled":true},"in2DMode":false,"pivot":{"x":-1.4901161193847657e-7,"y":-0.13957658410072328,"z":-1.4901161193847657e-7},"rotation":{"x":-0.0029995772056281568,"y":0.016499148681759836,"z":0.000049525871872901917,"w":0.9998593926429749},"size":0.7603829503059387,"orthographic":false}