{"cameraMode":{"drawMode":0,"name":"Shaded","section":"Shading Mode"},"sceneLighting":false,"audioPlay":false,"sceneViewState":{"m_AlwaysRefresh":false,"showFog":true,"showSkybox":false,"showFlares":true,"showImageEffects":true,"showParticleSystems":true,"showVisualEffectGraphs":true,"m_FxEnabled":true},"in2DMode":false,"pivot":{"x":9.081267356872559,"y":0.7356254458427429,"z":0.9986143112182617},"rotation":{"x":-0.0029995772056281568,"y":0.016499148681759836,"z":0.000049525871872901917,"w":0.9998593926429749},"size":1.2315753698349,"orthographic":false}