{"cameraMode":{"drawMode":0,"name":"Shaded","section":"Shading Mode"},"sceneLighting":false,"audioPlay":false,"sceneViewState":{"m_AlwaysRefresh":false,"showFog":true,"showSkybox":false,"showFlares":true,"showImageEffects":true,"showParticleSystems":true,"showVisualEffectGraphs":true,"m_FxEnabled":true},"in2DMode":false,"pivot":{"x":2.980232238769531e-7,"y":0.7208468317985535,"z":2.980232238769531e-7},"rotation":{"x":0.004498427268117666,"y":0.02639462985098362,"z":-0.00011874307529069483,"w":0.9996435046195984},"size":1.5207659006118775,"orthographic":true}