{"cameraMode":{"drawMode":0,"name":"Shaded","section":"Shading Mode"},"sceneLighting":false,"audioPlay":false,"sceneViewState":{"m_AlwaysRefresh":false,"showFog":true,"showSkybox":false,"showFlares":true,"showImageEffects":true,"showParticleSystems":true,"showVisualEffectGraphs":true,"m_FxEnabled":true},"in2DMode":false,"pivot":{"x":3.0006489753723146,"y":3.7994487285614015,"z":-0.0014000535011291504},"rotation":{"x":-0.027304908260703088,"y":0.9720922708511353,"z":-0.14632202684879304,"w":-0.18141816556453706},"size":2.149785280227661,"orthographic":true}