{"cameraMode":{"drawMode":0,"name":"Shaded","section":"Shading Mode"},"sceneLighting":false,"audioPlay":false,"sceneViewState":{"m_AlwaysRefresh":false,"showFog":true,"showSkybox":false,"showFlares":true,"showImageEffects":true,"showParticleSystems":true,"showVisualEffectGraphs":true,"m_FxEnabled":true},"in2DMode":false,"pivot":{"x":0.34044915437698367,"y":1.829744577407837,"z":1.6286587715148926},"rotation":{"x":-0.027304908260703088,"y":0.9720922708511353,"z":-0.14632202684879304,"w":-0.18141816556453706},"size":3.655412435531616,"orthographic":true}